{"initial_reset_timestamp": 8951.715934409, "timestamps": [8959.952961772], "episode_lengths": [55], "episode_rewards": [38.26267299426521], "episode_types": ["t"]}