{"initial_reset_timestamp": 2233.743335436, "timestamps": [2250.577041015], "episode_lengths": [176], "episode_rewards": [126.8515293280032], "episode_types": ["t"]}