{"initial_reset_timestamp": 7611.171478993, "timestamps": [7635.518193514], "episode_lengths": [200], "episode_rewards": [92.25856178025205], "episode_types": ["t"]}